analysis,replicate,path,sha256,row_count
residual_bootstrap,0,output/sensitivity/uncertainty/perturbed_inputs/residual_bootstrap/replicate_000.csv,E4F2E24107A7C37956C90E69E9D4C6BEA13F2315354F1CAC17CC0B6036FFEDE3,805
residual_bootstrap,1,output/sensitivity/uncertainty/perturbed_inputs/residual_bootstrap/replicate_001.csv,63D85C3E7D8B2512D698F967DF6C9980FAC9B87CE67E6D730608B1E587C577D7,805
residual_bootstrap,2,output/sensitivity/uncertainty/perturbed_inputs/residual_bootstrap/replicate_002.csv,4DEC2319C31A6E29744FF9E5EC6A14F4F88010A73DBD5364E8E48A39205D934B,805
residual_bootstrap,3,output/sensitivity/uncertainty/perturbed_inputs/residual_bootstrap/replicate_003.csv,0265C026389CF96597940537F2C464C2FB3F44451441C4A33D3A108872188604,805
residual_bootstrap,4,output/sensitivity/uncertainty/perturbed_inputs/residual_bootstrap/replicate_004.csv,23691FCDA2CED0D1C9F9DE0C962C7ED64B3E47341A42E291D8B7B8C9B3924C00,805
residual_bootstrap,5,output/sensitivity/uncertainty/perturbed_inputs/residual_bootstrap/replicate_005.csv,51E378A44B7367E4880FDEC1A8AF611EBF529A2B5AA53AF85EC799797265D172,805
residual_bootstrap,6,output/sensitivity/uncertainty/perturbed_inputs/residual_bootstrap/replicate_006.csv,7C4CBF4036A4995A1DBF78F2EC928E25EDF2CEC734B2BF156FE633C8B6800DA0,805
residual_bootstrap,7,output/sensitivity/uncertainty/perturbed_inputs/residual_bootstrap/replicate_007.csv,EEAFFCD6D462389C8033BBE7595D00F172CC62441429519181167777C2904D58,805
residual_bootstrap,8,output/sensitivity/uncertainty/perturbed_inputs/residual_bootstrap/replicate_008.csv,E51D6082FA2286CE76E96C098568E7B0BF9ABD491F01330EDFB422C301ED2E23,805
residual_bootstrap,9,output/sensitivity/uncertainty/perturbed_inputs/residual_bootstrap/replicate_009.csv,4D770A36D057F1C07C5C3AD79E72A25B9C8CA806A04E3E6F75C324BB1161426C,805
residual_bootstrap,10,output/sensitivity/uncertainty/perturbed_inputs/residual_bootstrap/replicate_010.csv,05C0AAFE8EB5F27B39AC7C7DC728C84304CEB66038F7BC4AE890C0EBDBB8AEC6,805
residual_bootstrap,11,output/sensitivity/uncertainty/perturbed_inputs/residual_bootstrap/replicate_011.csv,8E46B7B64269E7AE8ACCC02E261F90B0F1E04EBF0552A55E11E70D38E54C11F6,805
residual_bootstrap,12,output/sensitivity/uncertainty/perturbed_inputs/residual_bootstrap/replicate_012.csv,4D2D052E18A62AB4EE4F330D0568E2DA9F9F146DEAD627A16F8657BFE41B3283,805
residual_bootstrap,13,output/sensitivity/uncertainty/perturbed_inputs/residual_bootstrap/replicate_013.csv,103D21C674E48E9AFCAD69ACD0AEE08C03F3E81A7FF82A13C19CE58E8E7FBFDB,805
residual_bootstrap,14,output/sensitivity/uncertainty/perturbed_inputs/residual_bootstrap/replicate_014.csv,ECD1FD44C02042722B4E15B00D70279C5FFDC8CE0C67C7E1039B825B75F7F0A1,805
residual_bootstrap,15,output/sensitivity/uncertainty/perturbed_inputs/residual_bootstrap/replicate_015.csv,D55152C6AEE49A951B5BC81B0659AE484F66DCE4C0E88D1DBDFDEFB0009F6F19,805
residual_bootstrap,16,output/sensitivity/uncertainty/perturbed_inputs/residual_bootstrap/replicate_016.csv,F94810B1E093D7FD13FCABA42D0544A992FB5B048AE00BC578BD3B97D69824E3,805
residual_bootstrap,17,output/sensitivity/uncertainty/perturbed_inputs/residual_bootstrap/replicate_017.csv,0C0A99F178AFEC9EB2ADE10C1A3BFA3483FA4D99AEDF157C8C9D7F9FF0D774F7,805
residual_bootstrap,18,output/sensitivity/uncertainty/perturbed_inputs/residual_bootstrap/replicate_018.csv,FA07B05880541F8E8BD37E66896300C3646258A6E982256842867DF924E182A6,805
residual_bootstrap,19,output/sensitivity/uncertainty/perturbed_inputs/residual_bootstrap/replicate_019.csv,DDE35834EEE9B07F2E88F626E25579842AC71492F9262F76DBBBC49603EFC574,805
residual_bootstrap,20,output/sensitivity/uncertainty/perturbed_inputs/residual_bootstrap/replicate_020.csv,84BA8D358FCE92DB02105E9034756FA1119A48D2DD84B1BC3F7986EBF37A9397,805
residual_bootstrap,21,output/sensitivity/uncertainty/perturbed_inputs/residual_bootstrap/replicate_021.csv,F5645FE0D03D3594955AD6CB16DCD5300CC0BB3E11D8EF4C71396F9841E318C1,805
residual_bootstrap,22,output/sensitivity/uncertainty/perturbed_inputs/residual_bootstrap/replicate_022.csv,8F4B2CA4B2F10DE29BBB5135AF333838BAC678CB008A16B01B9933AD195979C4,805
residual_bootstrap,23,output/sensitivity/uncertainty/perturbed_inputs/residual_bootstrap/replicate_023.csv,2E7F0CB5638079A0E4C84C4DE50EE446AE4C005773921E53BD8020150C211355,805
residual_bootstrap,24,output/sensitivity/uncertainty/perturbed_inputs/residual_bootstrap/replicate_024.csv,FFDF010DFFE41DFED777A01256EE6C4A736B612655A66B09F51CC0E59106ED75,805
residual_bootstrap,25,output/sensitivity/uncertainty/perturbed_inputs/residual_bootstrap/replicate_025.csv,BF9BCCC34F8A6012230B096806EB1AF2AA3D539B041037FEB344D20B3C421926,805
residual_bootstrap,26,output/sensitivity/uncertainty/perturbed_inputs/residual_bootstrap/replicate_026.csv,6DD82E24B7395EDF7DFE2D393C2761B79A21219C91DF382488907931D50C1170,805
residual_bootstrap,27,output/sensitivity/uncertainty/perturbed_inputs/residual_bootstrap/replicate_027.csv,8219273F54D8E5534D79CA6C0B93EECA1B260C13A31A15B2A9ADC5374A5A930F,805
residual_bootstrap,28,output/sensitivity/uncertainty/perturbed_inputs/residual_bootstrap/replicate_028.csv,6BBFF6965D61062950EE6AE5C48DCC7B3B8A587DD67D115D001079503C5D7399,805
residual_bootstrap,29,output/sensitivity/uncertainty/perturbed_inputs/residual_bootstrap/replicate_029.csv,8F8D780A76111AA43CC4A56A2BA5B6DCB48698599F516A7FB1D6F2AE8E472346,805
noise_perturbation,0,output/sensitivity/uncertainty/perturbed_inputs/noise_perturbation/replicate_000.csv,EC7C9160B711FD6762FE3C652457A98AFCD943E76CB050DEA8B97ACAEA9935B4,805
noise_perturbation,1,output/sensitivity/uncertainty/perturbed_inputs/noise_perturbation/replicate_001.csv,989E82B0AB540D1AB9DC87568523CBA68B0B16FBDA1E09C834A0B0F94070AE62,805
noise_perturbation,2,output/sensitivity/uncertainty/perturbed_inputs/noise_perturbation/replicate_002.csv,66A75ECF9809E715824B15D8A67C3A7500D067B40A473587E27BAC0DDB81996F,805
noise_perturbation,3,output/sensitivity/uncertainty/perturbed_inputs/noise_perturbation/replicate_003.csv,FF7CA3DEA0DC023042983AFF2774FA2467D00EFF82A726D35F819ADF8EBEB5AD,805
noise_perturbation,4,output/sensitivity/uncertainty/perturbed_inputs/noise_perturbation/replicate_004.csv,F269656D1F1FAB6DCF25301F4D1AA247150B4CB58CC64DFA4CB297245C208146,805
noise_perturbation,5,output/sensitivity/uncertainty/perturbed_inputs/noise_perturbation/replicate_005.csv,07FBB60466FD81B0CB1274CABFDD1D64027BFF6C5DB55F6CF3DE8DAD20697BF2,805
noise_perturbation,6,output/sensitivity/uncertainty/perturbed_inputs/noise_perturbation/replicate_006.csv,D8B8871D4B43E72194A00601C6A78B251DF426891D40803025B38FDB24D8E66D,805
noise_perturbation,7,output/sensitivity/uncertainty/perturbed_inputs/noise_perturbation/replicate_007.csv,7223A79730A8CE27931D59C89836CFB2B15395442A7CFA0BA4F5DE3EC1717A9A,805
noise_perturbation,8,output/sensitivity/uncertainty/perturbed_inputs/noise_perturbation/replicate_008.csv,035ACEBADBC7898B710350E140FF9DAF22867AF40DF9DD8AA0E00E854EA0BD28,805
noise_perturbation,9,output/sensitivity/uncertainty/perturbed_inputs/noise_perturbation/replicate_009.csv,C7168AA5A03EF838185F242B8FB877439985B81D508F3BD3D5BBFCD267E92D62,805
noise_perturbation,10,output/sensitivity/uncertainty/perturbed_inputs/noise_perturbation/replicate_010.csv,711F9B3B45113C160FCC92A16E7B71DF186896D165A941C681CBEFAD8EB45B7B,805
noise_perturbation,11,output/sensitivity/uncertainty/perturbed_inputs/noise_perturbation/replicate_011.csv,84C6ACABC17F1971666AA25DED90E3D65B377F59626FAF0963154944FCFE176D,805
noise_perturbation,12,output/sensitivity/uncertainty/perturbed_inputs/noise_perturbation/replicate_012.csv,C6FD2993534C605FA7E81619A3B82F18AD4680DD30EEBF2EA0F63C7D550EE61E,805
noise_perturbation,13,output/sensitivity/uncertainty/perturbed_inputs/noise_perturbation/replicate_013.csv,78712CC588E779CBFDD94FC823B2CB4F73A417B33C12F36FBDD80114528BADD4,805
noise_perturbation,14,output/sensitivity/uncertainty/perturbed_inputs/noise_perturbation/replicate_014.csv,9268BD53253E3B22AE8365DEE21C8BFFB7C1FD58822F42E8A6D12BACEDA166E1,805
noise_perturbation,15,output/sensitivity/uncertainty/perturbed_inputs/noise_perturbation/replicate_015.csv,1C476A0F22CA46A79014965B73FFC08BECE5F75E85BF01D7DCCFE950919A5FCF,805
noise_perturbation,16,output/sensitivity/uncertainty/perturbed_inputs/noise_perturbation/replicate_016.csv,418163A3F43B732996A0C6A7EC26878BBEFF3870E7C0BBF6994383F4332C17BD,805
noise_perturbation,17,output/sensitivity/uncertainty/perturbed_inputs/noise_perturbation/replicate_017.csv,F0F9F26720D4538B7F90F20F0403B16EDDDF681C25734CAA60C791B04ABCB53E,805
noise_perturbation,18,output/sensitivity/uncertainty/perturbed_inputs/noise_perturbation/replicate_018.csv,33D447C56CEE2DF7E8D84DD645C2AE424792DD7E203E689198300C408383D609,805
noise_perturbation,19,output/sensitivity/uncertainty/perturbed_inputs/noise_perturbation/replicate_019.csv,C5F9AD459F3ED86FC2E3994BFF925ECC5530C9454FE93BB22D440A1D13FF347C,805
noise_perturbation,20,output/sensitivity/uncertainty/perturbed_inputs/noise_perturbation/replicate_020.csv,F116E8B1F07C2A68691CA55E0C9BC95EFC93EDC5DE9BF7E2CBD72C5D13715614,805
noise_perturbation,21,output/sensitivity/uncertainty/perturbed_inputs/noise_perturbation/replicate_021.csv,F056D17D36CF124354248249199B4B42876529F160BBD56EA11764F706CB3150,805
noise_perturbation,22,output/sensitivity/uncertainty/perturbed_inputs/noise_perturbation/replicate_022.csv,33AB36C5E1F139B3E59991E8102C3AAAFEA73A217856DCC9755E5598123CBA56,805
noise_perturbation,23,output/sensitivity/uncertainty/perturbed_inputs/noise_perturbation/replicate_023.csv,57F4729806B35BC0DD568B8B1E905B0583927E53DE8AEB1C6AC8BCC37DCF139F,805
noise_perturbation,24,output/sensitivity/uncertainty/perturbed_inputs/noise_perturbation/replicate_024.csv,4A33DDF8F0CC2AE999700A97707E5467F48BD86979BDAB07D86527D08CE86B50,805
noise_perturbation,25,output/sensitivity/uncertainty/perturbed_inputs/noise_perturbation/replicate_025.csv,4B94BF44C99EA8E35AF08E4DFF1B3CA1A3FA82CBEBB021EF830496CCAF493419,805
noise_perturbation,26,output/sensitivity/uncertainty/perturbed_inputs/noise_perturbation/replicate_026.csv,91CBFE8627F799D1C1F207E412AD59E8D71536418A3952BA0699FD7EAD5AF86A,805
noise_perturbation,27,output/sensitivity/uncertainty/perturbed_inputs/noise_perturbation/replicate_027.csv,08C3BC68165A2EC93BAFD2FE75E4D9F59938AD202AF73C6B43919D3C49C4AD47,805
noise_perturbation,28,output/sensitivity/uncertainty/perturbed_inputs/noise_perturbation/replicate_028.csv,4B765A593BCAE3E43986E3076DC4BB0DA6C4E6923E53C347C10525F52B6E0A21,805
noise_perturbation,29,output/sensitivity/uncertainty/perturbed_inputs/noise_perturbation/replicate_029.csv,44EAB3E7FAD72522516683272AED231101EF467A35D45A0B38324B9DC7EBE9B4,805

